iter	RMSE
0	10513.31111
1	10413.03046
2	10301.77244
3	10101.00027
4	9951.277532
5	9742.332149
6	9557.231177
7	9302.792847
8	9114.003864
9	9113.832859
10	8904.267293
11	8624.586485
12	8468.913536
13	8267.858954
14	8069.970949
15	7915.211676
16	7754.354128
17	7501.014838
18	7298.985287
19	7062.196158
20	6685.625887
21	6445.322333
22	6254.438122
23	6088.870522
24	5903.333242
25	5781.545068
