Id,Class
00eed32682bb,-1.236736
010ebe33f668,-1.236736
02fa521e1838,-1.236736
040e15f562a2,-1.236736
046e85c7cc7f,-1.236736
